brand;total
0;8634.7551045867
1;10079.383694370512
2;9128.415978608407
3;8893.343487063701
