type;total
3;3.2
4;57.00000000000001
2;3616.2
5;0.0
1;33137.933333333334
