brand;total
0;9526.912722748652
1;10748.967974357332
2;6938.326805259473
3;9584.050062324724
