type;total
3;3682.6666666666665
4;0.0
2;19.46666666666667
5;0.0
1;33174.0
