brand;total
0;9487.525748978918
1;10740.420484843124
2;6967.150061092792
3;9599.076807829237
