brand;total
0;9625.415432747766
1;10736.033402237264
2;6794.352201349514
3;9639.880695857684
