brand;total
0;9457.500353969517
1;10731.073824113908
2;6996.806101890293
3;9680.402324479484
