type;total
3;3679.6666666666665
4;4.9333333333333345
2;0.0
5;0.6666666666666667
1;33127.4
