brand;total
0;9643.834567258418
1;10859.619385834229
2;6696.89975667275
3;9622.885484429875
