type;total
3;99.13333333333334
4;7.466666666666668
2;3609.866666666667
5;0.0
1;33154.86666666667
