brand;total
0;8605.545071638067
1;10142.213241333724
2;9166.023887468456
3;8924.651841174422
