type;total
3;2.466666666666667
4;32.13333333333333
2;3667.5333333333333
5;0.0
1;33213.73333333333
