brand;total
0;9519.524169654242
1;10762.659217613607
2;6929.76872730857
3;9605.42745298484
