type;total
3;3697.9333333333334
4;0.0
2;5.866666666666667
5;0.0
1;33181.26666666667
