type;total
3;3678.6666666666665
4;8.733333333333334
2;10.8
5;0.0
1;33170.4
