type;total
3;1.8000000000000003
4;7.133333333333334
2;3682.8
5;0.0
1;33164.4
