brand;total
0;8624.315118245735
1;10091.373699412366
2;9158.767940245514
3;8857.847217884198
