brand;total
0;9534.380708384322
1;11001.779517594738
2;6765.575814164767
3;9573.011216064091
