brand;total
0;8632.088927997564
1;10116.172801998073
2;9135.57647392242
3;8924.711504529383
