type;total
3;1.666666666666667
4;8.133333333333335
2;3665.266666666667
5;0.0
1;33236.26666666667
