type;total
3;95.86666666666667
4;0.0
2;3583.9333333333334
5;0.0
1;33181.2
