brand;total
0;9662.578987415796
1;10885.516307299795
2;6593.735632450449
3;9607.659392686623
