brand;total
0;8611.749534699153
1;10146.62900107714
2;9134.661033316395
3;8862.858996892644
