type;total
3;2.6000000000000005
4;14.466666666666669
2;3652.5333333333333
5;0.0
1;33173.6
