brand;total
0;9574.583946241986
1;10680.669387873968
2;6951.106408059244
3;9609.575356300038
