type;total
3;3593.0666666666666
4;6.333333333333334
2;0.0
5;94.93333333333334
1;33175.333333333336
